File_name,Lips_distance,Theta,Phi,Psi,Expression1,Expression2,Expression3,Expression4,Expression5,Expression6,Expression7,Center,Bounding_box
extraction/masks/Pierre0.jpg,13.0,-5.887936934160475,13.0,-179.40734531179814,9.255395707441494e-05,4.9121343181468546e-05,0.0008684050408191979,0.9968949556350708,0.00018753665790427476,0.0007133058970794082,0.0011940973345190287,"[0.2719, 0.09]",0.7441860465116279
extraction/masks/Pierre1.jpg,4.0,-13.825287452248393,4.0,-179.22267296480925,0.000705217884387821,3.530411049723625e-05,0.011447214521467686,0.0015453511150553823,0.029889589175581932,0.0005717687890864909,0.9558055400848389,"[0.2477, 0.0881]",0.7441860465116279
extraction/masks/Pierre2.jpg,4.0,21.556195599461727,4.0,-179.3958975921892,0.0004207288147881627,0.00019178434740751982,0.8946181535720825,0.06121078133583069,0.003368860576301813,0.017053788527846336,0.023136001080274582,"[0.3237, 0.082]",0.7441860465116279
extraction/masks/Pierre3.jpg,4.0,-4.002746675286602,4.0,178.57623512633563,0.0031306534074246883,0.0023951109033077955,0.0503704734146595,0.3526921272277832,0.5488476753234863,0.016230637207627296,0.026333367452025414,"[0.2024, 0.1071]",0.7441860465116279
