File_name,Lips_distance,Euler's_angles,Expression,Center,Bounding_box
extraction/masks/Pierre0.jpg,13.0,[  -5.887937  -10.302378 -179.40735 ],"[9.2553957e-05 4.9121343e-05 8.6840504e-04 9.9689496e-01 1.8753666e-04
 7.1330590e-04 1.1940973e-03]",[0.27192378 0.0900147 ],0.74418604
extraction/masks/Pierre1.jpg,4.0,[ -13.825288   23.17042  -179.22267 ],"[7.05217884e-04 3.53041105e-05 1.14472145e-02 1.54535112e-03
 2.98895892e-02 5.71768789e-04 9.55805540e-01]",[0.24768066 0.08811033],0.74418604
extraction/masks/Pierre2.jpg,4.0,[  21.556196     2.2357266 -179.3959   ],"[4.2072881e-04 1.9178435e-04 8.9461815e-01 6.1210781e-02 3.3688606e-03
 1.7053789e-02 2.3136001e-02]",[0.32368165 0.08198243],0.74418604
extraction/masks/Pierre3.jpg,4.0,[ -4.0027466  -1.7539012 178.57623  ],"[0.00313065 0.00239511 0.05037047 0.35269213 0.5488477  0.01623064
 0.02633337]",[0.20244145 0.10710448],0.74418604
