File_name,Lips_distance,Euler's_angles,Expression
000001.jpg,0.0,[-10.192429 2.5241575 178.90367],[2.3921861e-04 9.2218543e-05 9.8521787e-01 4.5233243e-03 2.4662551e-03 6.9161574e-03]
000002.jpg,4.0,[0.649798 21.330141 -176.51657],[2.3921861e-04 9.2218543e-05 9.8521787e-01 4.5233243e-03 2.4662551e-03 6.9161574e-03]
000003.jpg,143,[-24.940725  -0.210296 179.86366],[2.3921861e-04 9.2218543e-05 9.8521787e-01 4.5233243e-03 2.4662551e-03 6.9161574e-03]
000004.jpg,0.0,[-9.968628 35.433334 178.02043],[2.3921861e-04 9.2218543e-05 9.8521787e-01 4.5233243e-03 2.4662551e-03 6.9161574e-03]
000005.jpg,5.0,[-26.38091 3.2466152 -179.36444],[2.3921861e-04 9.2218543e-05 9.8521787e-01 4.5233243e-03 2.4662551e-03 6.9161574e-03]
