File_name,Lips_distance,Euler_angles
000001.jpg,0.0,[-10.192429 2.5241575 178.90367]
000002.jpg,4.0,[0.649798 21.330141 -176.51657]
000003.jpg,143,[-24.940725  -0.210296 179.86366]
000004.jpg,0.0,[-9.968628 35.433334 178.02043]
000005.jpg,5.0,[-26.38091 3.2466152 -179.36444]