File_name,Lips_distance,Euler's_angles,Expression
<<<<<<< Updated upstream
000001.jpg,0.0,[-10.192429    2.5241575 178.90367  ],"[0.00023921861, 9.221854e-05, 0.98521787, 0.0045233243, 0.002466255, 0.0069161574, 0.00054491125]"
000002.jpg,4.0,[   0.649798   21.330141 -176.51657 ],"[0.00023921861, 9.221854e-05, 0.98521787, 0.0045233243, 0.002466255, 0.0069161574, 0.00054491125]"
000003.jpg,143.37712,[-24.940725  -0.210296 179.86366 ],"[0.00023921861, 9.221854e-05, 0.98521787, 0.0045233243, 0.002466255, 0.0069161574, 0.00054491125]"
000004.jpg,0.0,[ -9.968628  35.433334 178.02043 ],"[0.00023921861, 9.221854e-05, 0.98521787, 0.0045233243, 0.002466255, 0.0069161574, 0.00054491125]"
000005.jpg,5.0,[ -26.38091      3.2466152 -179.36444  ],"[0.00023921861, 9.221854e-05, 0.98521787, 0.0045233243, 0.002466255, 0.0069161574, 0.00054491125]"
=======
000001.jpg,0.0,[-10.192429    2.5241575 178.90367  ],[2.3921861e-04 9.2218543e-05 9.8521787e-01 4.5233243e-03 2.4662551e-03 6.9161574e-03 5.4491125e-04]
000002.jpg,4.0,[   0.649798   21.330141 -176.51657 ],[2.3921861e-04 9.2218543e-05 9.8521787e-01 4.5233243e-03 2.4662551e-03
 6.9161574e-03 5.4491125e-04]
000003.jpg,143.37712,[-24.940725  -0.210296 179.86366 ],[2.3921861e-04 9.2218543e-05 9.8521787e-01 4.5233243e-03 2.4662551e-03
 6.9161574e-03 5.4491125e-04]
000004.jpg,0.0,[ -9.968628  35.433334 178.02043 ],[2.3921861e-04 9.2218543e-05 9.8521787e-01 4.5233243e-03 2.4662551e-03
 6.9161574e-03 5.4491125e-04]
000005.jpg,5.0,[ -26.38091      3.2466152 -179.36444  ],[2.3921861e-04 9.2218543e-05 9.8521787e-01 4.5233243e-03 2.4662551e-03
 6.9161574e-03 5.4491125e-04]
>>>>>>> Stashed changes
