File_name,Lips_distance,Euler's_angles,Expression
000001.jpg
000002.jpg
000003.jpg
000004.jpg
000005.jpg
0.0,4.0,143.37712,0.0,5.0
[-10.192429    2.5241575 178.90367  ],[   0.649798   21.330141 -176.51657 ],[-24.940725  -0.210296 179.86366 ],[ -9.968628  35.433334 178.02043 ],[ -26.38091      3.2466152 -179.36444  ]
0.00023921861,9.221854e-05,0.98521787,0.0045233243,0.002466255,0.0069161574,0.00054491125
